cohort,metric,label,support,cohort_size,share
all,AV,N,49131,67912,0.7234509365060666
all,AV,A,1770,67912,0.026063140534809754
all,AV,L,16484,67912,0.24272588055130168
all,AV,P,527,67912,0.007760042407821887
all,AC,L,64673,67912,0.9523059253151137
all,AC,H,3239,67912,0.047694074684886324
all,PR,N,34962,67912,0.5148132877841913
all,PR,L,26668,67912,0.39268465072446695
all,PR,H,6282,67912,0.09250206149134174
all,UI,N,45509,67912,0.6701172105077159
all,UI,R,22403,67912,0.3298827894922841
all,S,U,52900,67912,0.7789492284132407
all,S,C,15012,67912,0.22105077158675934
all,C,N,14976,67912,0.22052067381316998
all,C,L,17341,67912,0.2553451525503593
all,C,H,35595,67912,0.5241341736364707
all,I,N,19888,67912,0.29284957003180584
all,I,L,18091,67912,0.2663888561668041
all,I,H,29933,67912,0.44076157380139
all,A,N,27824,67912,0.4097066792319472
all,A,L,3748,67912,0.05518906820591354
all,A,H,36340,67912,0.5351042525621392
train,AV,N,21730,28815,0.754121117473538
train,AV,A,491,28815,0.017039736248481693
train,AV,L,6378,28815,0.2213430504945341
train,AV,P,216,28815,0.007496095783446122
train,AC,L,27790,28815,0.9644282491757765
train,AC,H,1025,28815,0.035571750824223494
train,PR,N,16123,28815,0.5595349644282491
train,PR,L,9746,28815,0.3382266180808607
train,PR,H,2946,28815,0.10223841749089016
train,UI,N,18691,28815,0.6486552142981086
train,UI,R,10124,28815,0.35134478570189137
train,S,U,22904,28815,0.7948637862224536
train,S,C,5911,28815,0.20513621377754643
train,C,N,5491,28815,0.1905604719764012
train,C,L,6794,28815,0.235779975707097
train,C,H,16530,28815,0.5736595523165018
train,I,N,8087,28815,0.280652437966337
train,I,L,6885,28815,0.23893805309734514
train,I,H,13843,28815,0.4804095089363179
train,A,N,12528,28815,0.43477355543987506
train,A,L,473,28815,0.016415061599861183
train,A,H,15814,28815,0.5488113829602638
validation,AV,N,13867,19921,0.6960995933939059
validation,AV,A,705,19921,0.03538978966919332
validation,AV,L,5212,19921,0.261633452135937
validation,AV,P,137,19921,0.006877164800963807
validation,AC,L,18762,19921,0.9418201897495105
validation,AC,H,1159,19921,0.05817981025048943
validation,PR,N,9791,19921,0.491491390994428
validation,PR,L,8495,19921,0.42643441594297476
validation,PR,H,1635,19921,0.08207419306259726
validation,UI,N,13596,19921,0.6824958586416344
validation,UI,R,6325,19921,0.3175041413583655
validation,S,U,15435,19921,0.7748105014808494
validation,S,C,4486,19921,0.22518949851915065
validation,C,N,4928,19921,0.2473771397018222
validation,C,L,5334,19921,0.26775764268862007
validation,C,H,9659,19921,0.48486521760955775
validation,I,N,6011,19921,0.30174188042768935
validation,I,L,5758,19921,0.2890417147733548
validation,I,H,8152,19921,0.4092164047989559
validation,A,N,7984,19921,0.4007830932182119
validation,A,L,1520,19921,0.07630139049244516
validation,A,H,10417,19921,0.5229155162893429
test,AV,N,13534,19176,0.7057780559032123
test,AV,A,574,19176,0.029933249895702962
test,AV,L,4894,19176,0.2552148518982061
test,AV,P,174,19176,0.009073842302878598
test,AC,L,18121,19176,0.9449833124739258
test,AC,H,1055,19176,0.05501668752607426
test,PR,N,9048,19176,0.4718397997496871
test,PR,L,8427,19176,0.4394555694618273
test,PR,H,1701,19176,0.0887046307884856
test,UI,N,13222,19176,0.6895077179808093
test,UI,R,5954,19176,0.31049228201919066
test,S,U,14561,19176,0.7593345848977889
test,S,C,4615,19176,0.2406654151022111
test,C,N,4557,19176,0.23764080100125157
test,C,L,5213,19176,0.2718502294534835
test,C,H,9406,19176,0.4905089695452649
test,I,N,5790,19176,0.30193992490613264
test,I,L,5448,19176,0.28410513141426785
test,I,H,7938,19176,0.4139549436795995
test,A,N,7312,19176,0.3813099707968294
test,A,L,1755,19176,0.0915206508135169
test,A,H,10109,19176,0.5271693783896537
